"id","url","title","image","add_time"
"1","gonglueYi","三分钟教你看懂个人征信报告！","","1509087600000"
"2","gonglueTwo","P2P理财入门必备的七大常识！","","1509087600001"
"3","gonglueThree","一篇文章说透如何降低个人资产负债率！","","1509087600002"
"4","gonglueFour","信用记录好是不是信用额度高？怎么提高信用额度？","","1509087600003"
"5","gonglueFive","解密：光大信用卡提额的8大攻略！","","1509087600004"
"6","gonglueSix","信用卡提额到底有多难？","","1509087600005"
"7","gonglueSeven","必须告诉你，成功申请小额贷款的6大技巧！","","1509087600006"
"8","gonglueEight","征信和贷款的6大误区，你知道多少！","","1509087600007"
"9","gonglueNine","一定要看，P2P网贷投资理财容易犯的几大错！","","1509087600008"
"10","gonglueTen","网贷借款，这些技巧你必须要知道！","","1509087600009"
"11","gonglueEleven","只要了解这七条，轻松提高贷款审批通过率！","","1509087600010"
